seed,n_qubits,depth_param,circuit_depth,n_cx,n_single_qubit_gates,total_gates,cx_density,noisy_expectation,zne_expectation,fold1,fold3,fold5,ideal_expectation
0,2,1,2,1,2,3,0.3333333333333333,0.9453333333333334,0.9553888888888886,0.9453333333333334,0.918,0.8993333333333333,1.0
1,2,1,2,1,2,3,0.3333333333333333,0.8953333333333333,0.9066666666666662,0.8953333333333333,0.8726666666666667,0.85,0.951952796444039
2,2,1,2,1,2,3,0.3333333333333333,0.952,0.9610555555555553,0.952,0.9266666666666666,0.91,1.0000000000000002
3,2,1,2,1,2,3,0.3333333333333333,0.946,0.9594444444444443,0.946,0.9246666666666666,0.8966666666666666,1.0
4,2,1,2,1,2,3,0.3333333333333333,0.9426666666666667,0.9517777777777774,0.9426666666666667,0.9133333333333333,0.8973333333333333,0.9999999999999999
5,2,1,2,1,2,3,0.3333333333333333,0.9513333333333334,0.9598888888888885,0.9513333333333334,0.9286666666666666,0.9126666666666666,0.9999999999999998
6,2,1,2,1,2,3,0.3333333333333333,-0.512,-0.5198888888888887,-0.512,-0.504,-0.4866666666666667,-0.553064610139617
7,2,1,2,1,2,3,0.3333333333333333,0.95,0.964444444444444,0.95,0.9233333333333333,0.894,1.0
8,2,1,2,1,2,3,0.3333333333333333,0.9546666666666667,0.9654444444444442,0.9546666666666667,0.932,0.9106666666666666,1.0
9,2,1,2,1,2,3,0.3333333333333333,-0.208,-0.21133333333333335,-0.208,-0.20133333333333334,-0.19466666666666665,-0.22927166240364538
10,2,1,2,1,2,3,0.3333333333333333,0.9446666666666667,0.9546111111111111,0.9446666666666667,0.9186666666666666,0.9,0.9999999999999999
11,2,1,2,1,2,3,0.3333333333333333,-0.952,-0.9645555555555553,-0.952,-0.928,-0.9026666666666666,-0.9999897063626382
12,2,2,4,2,4,6,0.3333333333333333,-0.5213333333333333,-0.5333888888888888,-0.5213333333333333,-0.5,-0.47533333333333333,-0.5546632784453969
13,2,2,4,2,4,6,0.3333333333333333,0.934,0.9650555555555549,0.934,0.8813333333333333,0.8173333333333334,0.9999999999999999
14,2,2,4,2,4,6,0.3333333333333333,0.37466666666666665,0.38499999999999984,0.37466666666666665,0.35733333333333334,0.336,0.40511469171154335
15,2,2,4,2,4,6,0.3333333333333333,-0.8546666666666667,-0.8728888888888885,-0.8546666666666667,-0.7993333333333333,-0.7666666666666667,-0.9005084959735022
16,2,2,4,2,4,6,0.3333333333333333,0.7586666666666667,0.7784444444444439,0.7586666666666667,0.7146666666666667,0.676,0.817542537834689
17,2,2,4,2,4,6,0.3333333333333333,0.9353333333333333,0.9611111111111109,0.9353333333333333,0.876,0.826,0.9999999999999998
18,2,2,4,2,4,6,0.3333333333333333,0.9146666666666666,0.9359444444444438,0.9146666666666666,0.8726666666666667,0.83,0.9820169992676269
19,2,2,4,2,4,6,0.3333333333333333,0.8366666666666667,0.8557777777777774,0.8366666666666667,0.804,0.7646666666666667,0.8934730314405689
20,2,2,4,2,4,6,0.3333333333333333,-0.7986666666666666,-0.8233888888888884,-0.7986666666666666,-0.7553333333333333,-0.7046666666666667,-0.8415166953570611
21,2,2,4,2,4,6,0.3333333333333333,0.5013333333333333,0.5186666666666666,0.5013333333333333,0.4766666666666667,0.44,0.5360774876917972
22,2,2,4,2,4,6,0.3333333333333333,-0.9066666666666666,-0.9284999999999998,-0.9066666666666666,-0.8613333333333333,-0.818,-0.9675388506780144
23,2,2,4,2,4,6,0.3333333333333333,0.33466666666666667,0.34433333333333327,0.33466666666666667,0.322,0.30133333333333334,0.3597026285457867
24,2,3,6,3,6,9,0.3333333333333333,0.8433333333333334,0.8686111111111109,0.8433333333333334,0.7866666666666666,0.7373333333333333,0.9143568547393418
25,2,3,6,3,6,9,0.3333333333333333,0.20333333333333334,0.2075555555555554,0.20333333333333334,0.186,0.17933333333333334,0.23171660131520894
26,2,3,6,3,6,9,0.3333333333333333,0.366,0.38044444444444436,0.366,0.3426666666666667,0.31266666666666665,0.3862517508502984
27,2,3,6,3,6,9,0.3333333333333333,-0.33466666666666667,-0.35005555555555534,-0.33466666666666667,-0.30333333333333334,-0.27266666666666667,-0.3544086867477841
28,2,3,6,3,6,9,0.3333333333333333,0.466,0.4831666666666665,0.466,0.4266666666666667,0.3933333333333333,0.5231303171267326
29,2,3,6,3,6,9,0.3333333333333333,-0.43066666666666664,-0.4498333333333331,-0.43066666666666664,-0.394,-0.35533333333333333,-0.5022822602553207
30,2,3,6,3,6,9,0.3333333333333333,-0.33,-0.34088888888888885,-0.33,-0.30266666666666664,-0.282,-0.32650422500962006
31,2,3,6,3,6,9,0.3333333333333333,0.02266666666666667,0.02299999999999999,0.02266666666666667,0.032,0.029333333333333333,0.019571908357510714
32,2,3,6,3,6,9,0.3333333333333333,-0.3473333333333333,-0.36438888888888865,-0.3473333333333333,-0.32266666666666666,-0.2866666666666667,-0.3878212707219594
33,2,3,6,3,6,9,0.3333333333333333,-0.7926666666666666,-0.8231666666666663,-0.7926666666666666,-0.73,-0.6693333333333333,-0.8484062262069865
34,2,3,6,3,6,9,0.3333333333333333,-0.44666666666666666,-0.4606666666666665,-0.44666666666666666,-0.4086666666666667,-0.38266666666666665,-0.45977572048053333
35,2,3,6,3,6,9,0.3333333333333333,-0.5566666666666666,-0.5751666666666663,-0.5566666666666666,-0.5213333333333333,-0.484,-0.6152434794469119
36,2,4,8,4,8,12,0.3333333333333333,0.21333333333333335,0.21622222222222212,0.21333333333333335,0.18866666666666668,0.18666666666666668,0.23254395474244238
37,2,4,8,4,8,12,0.3333333333333333,-0.268,-0.27666666666666656,-0.268,-0.244,-0.228,-0.30599594833751353
38,2,4,8,4,8,12,0.3333333333333333,-0.04933333333333333,-0.05111111111111111,-0.04933333333333333,-0.034666666666666665,-0.03333333333333333,-0.0019261985812825122
39,2,4,8,4,8,12,0.3333333333333333,-0.526,-0.5499999999999998,-0.526,-0.478,-0.43,-0.5518610161449087
40,2,4,8,4,8,12,0.3333333333333333,0.08866666666666667,0.09305555555555553,0.08866666666666667,0.07933333333333334,0.07066666666666667,0.12708086158302884
41,2,4,8,4,8,12,0.3333333333333333,-0.614,-0.6387222222222221,-0.614,-0.5673333333333334,-0.5173333333333333,-0.6725741516278385
42,2,4,8,4,8,12,0.3333333333333333,-0.7146666666666667,-0.7469444444444443,-0.7146666666666667,-0.6473333333333333,-0.5833333333333334,-0.7695188679051971
43,2,4,8,4,8,12,0.3333333333333333,-0.5966666666666667,-0.6248888888888885,-0.5966666666666667,-0.5246666666666666,-0.4713333333333333,-0.6617076926540632
44,2,4,8,4,8,12,0.3333333333333333,0.029333333333333333,0.028444444444444435,0.029333333333333333,0.023333333333333334,0.02666666666666667,0.04136229120898094
45,2,4,8,4,8,12,0.3333333333333333,0.672,0.7030555555555553,0.672,0.616,0.5526666666666666,0.7288465906967427
46,2,4,8,4,8,12,0.3333333333333333,0.298,0.30983333333333324,0.298,0.26266666666666666,0.24133333333333334,0.34925659109124485
47,2,4,8,4,8,12,0.3333333333333333,0.020666666666666667,0.022222222222222216,0.020666666666666667,0.008666666666666666,0.007333333333333333,0.0037805563582877233
48,2,5,10,5,10,15,0.3333333333333333,0.18,0.1924444444444443,0.18,0.15733333333333333,0.132,0.15788482107999374
49,2,5,10,5,10,15,0.3333333333333333,-0.296,-0.3168333333333332,-0.296,-0.2693333333333333,-0.22466666666666665,-0.32977828591906994
50,2,5,10,5,10,15,0.3333333333333333,0.02,0.027611111111111104,0.02,0.008666666666666666,-0.007333333333333333,0.038036327623031274
51,2,5,10,5,10,15,0.3333333333333333,0.6546666666666666,0.6948888888888888,0.6546666666666666,0.562,0.484,0.7284219582814829
52,2,5,10,5,10,15,0.3333333333333333,0.7833333333333333,0.8217222222222218,0.7833333333333333,0.696,0.6213333333333333,0.8798910214659659
53,2,5,10,5,10,15,0.3333333333333333,-0.48933333333333334,-0.5172777777777776,-0.48933333333333334,-0.44733333333333336,-0.38866666666666666,-0.5512530231081356
54,2,5,10,5,10,15,0.3333333333333333,-0.6653333333333333,-0.7001111111111109,-0.6653333333333333,-0.5846666666666667,-0.5173333333333333,-0.7499207756580121
55,2,5,10,5,10,15,0.3333333333333333,-0.366,-0.38922222222222214,-0.366,-0.324,-0.27666666666666667,-0.39775619634739734
56,2,5,10,5,10,15,0.3333333333333333,0.7666666666666667,0.8025000000000001,0.7666666666666667,0.6933333333333334,0.622,0.8526859648785159
57,2,5,10,5,10,15,0.3333333333333333,-0.03333333333333333,-0.03355555555555555,-0.03333333333333333,-0.024,-0.025333333333333333,-0.019387944436691174
58,2,5,10,5,10,15,0.3333333333333333,0.27466666666666667,0.2893333333333332,0.27466666666666667,0.24533333333333332,0.216,0.26590036853685006
59,2,5,10,5,10,15,0.3333333333333333,0.9026666666666666,0.9472222222222217,0.9026666666666666,0.8146666666666667,0.7253333333333334,1.0000000000000004
60,2,6,12,6,12,18,0.3333333333333333,0.022,0.019166666666666655,0.022,0.019333333333333334,0.02666666666666667,0.045200994199740274
61,2,6,12,6,12,18,0.3333333333333333,-0.18266666666666667,-0.19233333333333333,-0.18266666666666667,-0.17333333333333334,-0.152,-0.18654627912200317
62,2,6,12,6,12,18,0.3333333333333333,-0.10666666666666667,-0.11405555555555551,-0.10666666666666667,-0.09466666666666666,-0.07933333333333334,-0.13633172258352794
63,2,6,12,6,12,18,0.3333333333333333,0.23666666666666666,0.25361111111111106,0.23666666666666666,0.20333333333333334,0.16933333333333334,0.2711912418830279
64,2,6,12,6,12,18,0.3333333333333333,-0.292,-0.3094999999999998,-0.292,-0.252,-0.218,-0.35006886148957184
65,2,6,12,6,12,18,0.3333333333333333,0.6573333333333333,0.6965555555555553,0.6573333333333333,0.5466666666666666,0.4746666666666667,0.7009273386521722
66,2,6,12,6,12,18,0.3333333333333333,0.046,0.04916666666666665,0.046,0.034666666666666665,0.029333333333333333,0.022245883887998752
67,2,6,12,6,12,18,0.3333333333333333,-0.36,-0.3816666666666665,-0.36,-0.30666666666666664,-0.2653333333333333,-0.37988870765731414
68,2,6,12,6,12,18,0.3333333333333333,0.008666666666666666,0.008888888888888887,0.008666666666666666,0.006,0.006,-0.04831976457932202
69,2,6,12,6,12,18,0.3333333333333333,-0.802,-0.8531111111111108,-0.802,-0.6753333333333333,-0.578,-0.8979778127287629
70,2,6,12,6,12,18,0.3333333333333333,-0.6913333333333334,-0.7305555555555552,-0.6913333333333334,-0.604,-0.5273333333333333,-0.7921695470087325
71,2,6,12,6,12,18,0.3333333333333333,0.5,0.5362222222222223,0.5,0.4186666666666667,0.348,0.5314803401160886
72,2,7,14,7,14,21,0.3333333333333333,0.72,0.7778888888888887,0.72,0.6053333333333333,0.48933333333333334,0.8068984448220018
73,2,7,14,7,14,21,0.3333333333333333,-0.2633333333333333,-0.2812777777777777,-0.2633333333333333,-0.22466666666666665,-0.18933333333333333,-0.3120342422656275
74,2,7,14,7,14,21,0.3333333333333333,0.5753333333333334,0.6109999999999999,0.5753333333333334,0.474,0.4086666666666667,0.6602775530169265
75,2,7,14,7,14,21,0.3333333333333333,-0.43333333333333335,-0.4635555555555555,-0.43333333333333335,-0.36733333333333335,-0.308,-0.48735201853034993
76,2,7,14,7,14,21,0.3333333333333333,-0.254,-0.27516666666666667,-0.254,-0.20666666666666667,-0.16533333333333333,-0.27303719354878414
77,2,7,14,7,14,21,0.3333333333333333,-0.086,-0.09461111111111108,-0.086,-0.06266666666666666,-0.04666666666666667,-0.06051608477836107
78,2,7,14,7,14,21,0.3333333333333333,0.5026666666666667,0.5383333333333333,0.5026666666666667,0.43466666666666665,0.3626666666666667,0.5680224232952156
79,2,7,14,7,14,21,0.3333333333333333,0.6453333333333333,0.6882222222222217,0.6453333333333333,0.5506666666666666,0.4666666666666667,0.7243595775306187
80,2,7,14,7,14,21,0.3333333333333333,0.44533333333333336,0.4824999999999997,0.44533333333333336,0.356,0.2846666666666667,0.5214083263852669
81,2,7,14,7,14,21,0.3333333333333333,-0.08133333333333333,-0.08916666666666664,-0.08133333333333333,-0.064,-0.048666666666666664,-0.09166615719329124
82,2,7,14,7,14,21,0.3333333333333333,-0.144,-0.1477222222222222,-0.144,-0.10933333333333334,-0.10733333333333334,-0.16180760213290024
83,2,7,14,7,14,21,0.3333333333333333,0.22533333333333333,0.24005555555555544,0.22533333333333333,0.17866666666666667,0.15266666666666667,0.2565509741689235
84,2,8,16,8,16,24,0.3333333333333333,0.12133333333333333,0.13577777777777772,0.12133333333333333,0.108,0.076,0.12277092796375111
85,2,8,16,8,16,24,0.3333333333333333,-0.7773333333333333,-0.838833333333333,-0.7773333333333333,-0.646,-0.5246666666666666,-0.9038411693824709
86,2,8,16,8,16,24,0.3333333333333333,0.15466666666666667,0.16872222222222213,0.15466666666666667,0.11933333333333333,0.09266666666666666,0.19272545564556665
87,2,8,16,8,16,24,0.3333333333333333,-0.08066666666666666,-0.09149999999999998,-0.08066666666666666,-0.06733333333333333,-0.044,-0.09677791729145735
88,2,8,16,8,16,24,0.3333333333333333,0.066,0.07399999999999998,0.066,0.05,0.034,0.09558607623589738
89,2,8,16,8,16,24,0.3333333333333333,0.5673333333333334,0.6139444444444444,0.5673333333333334,0.4646666666666667,0.37333333333333335,0.6418250863686612
90,2,8,16,8,16,24,0.3333333333333333,-0.226,-0.24466666666666667,-0.226,-0.18866666666666668,-0.15133333333333332,-0.26642870901162097
91,2,8,16,8,16,24,0.3333333333333333,-0.2866666666666667,-0.3163333333333332,-0.2866666666666667,-0.23733333333333334,-0.176,-0.33372642082594783
92,2,8,16,8,16,24,0.3333333333333333,0.068,0.0713333333333333,0.068,0.06466666666666666,0.05733333333333333,0.06392984844238014
93,2,8,16,8,16,24,0.3333333333333333,0.162,0.16894444444444442,0.162,0.13866666666666666,0.12666666666666668,0.20035320504599152
94,2,8,16,8,16,24,0.3333333333333333,0.13266666666666665,0.13794444444444437,0.13266666666666665,0.106,0.09866666666666667,0.11471628902575015
95,2,8,16,8,16,24,0.3333333333333333,-0.006666666666666667,-0.009055555555555553,-0.006666666666666667,-0.0013333333333333333,0.0033333333333333335,0.0067396424935934895
96,3,1,3,2,3,5,0.4,0.9533333333333334,0.965,0.9533333333333334,0.9333333333333333,0.9093333333333333,1.0
97,3,1,3,2,3,5,0.4,-0.8506666666666667,-0.8647222222222218,-0.8506666666666667,-0.8253333333333334,-0.7966666666666666,-0.9109145851594066
98,3,1,3,2,3,5,0.4,0.5606666666666666,0.5662777777777778,0.5606666666666666,0.55,0.5386666666666666,0.5945299452966987
99,3,1,3,2,3,5,0.4,0.944,0.9531111111111107,0.944,0.9246666666666666,0.9066666666666666,1.0000000000000002
100,3,1,3,2,3,5,0.4,0.9426666666666667,0.9556666666666663,0.9426666666666667,0.92,0.8933333333333333,1.0000000000000002
101,3,1,3,2,3,5,0.4,-0.6073333333333333,-0.6144444444444442,-0.6073333333333333,-0.5853333333333334,-0.5726666666666667,-0.6346168400880621
102,3,1,3,2,3,5,0.4,-0.8053333333333333,-0.8136666666666665,-0.8053333333333333,-0.7886666666666666,-0.772,-0.8577091802339498
103,3,1,3,2,3,5,0.4,0.17666666666666667,0.17594444444444443,0.17666666666666667,0.17533333333333334,0.17733333333333334,0.16066401049694615
104,3,1,3,2,3,5,0.4,0.9446666666666667,0.9548888888888883,0.9446666666666667,0.922,0.902,0.9999999999999996
105,3,1,3,2,3,5,0.4,0.9513333333333334,0.9638333333333332,0.9513333333333334,0.9246666666666666,0.9,0.9985606576397977
106,3,1,3,2,3,5,0.4,0.9066666666666666,0.9140555555555555,0.9066666666666666,0.888,0.874,0.9679548356353093
107,3,1,3,2,3,5,0.4,-0.94,-0.950111111111111,-0.94,-0.922,-0.9013333333333333,-0.9901899048184175
108,3,2,6,4,6,10,0.4,-0.5813333333333334,-0.5940555555555552,-0.5813333333333334,-0.5386666666666666,-0.5166666666666667,-0.5989742116383194
109,3,2,6,4,6,10,0.4,0.176,0.18238888888888874,0.176,0.166,0.15266666666666667,0.18563042588659956
110,3,2,6,4,6,10,0.4,-0.6746666666666666,-0.6908333333333332,-0.6746666666666666,-0.6473333333333333,-0.614,-0.7109233490169167
111,3,2,6,4,6,10,0.4,0.3413333333333333,0.34877777777777774,0.3413333333333333,0.322,0.308,0.375647745871447
112,3,2,6,4,6,10,0.4,-0.4886666666666667,-0.500111111111111,-0.4886666666666667,-0.4746666666666667,-0.45,-0.5575385936305637
113,3,2,6,4,6,10,0.4,0.5406666666666666,0.5592777777777774,0.5406666666666666,0.5173333333333333,0.47733333333333333,0.5833443865416224
114,3,2,6,4,6,10,0.4,0.5626666666666666,0.5780555555555552,0.5626666666666666,0.5513333333333333,0.5166666666666667,0.6269127703831815
115,3,2,6,4,6,10,0.4,-0.762,-0.7827777777777775,-0.762,-0.7126666666666667,-0.6726666666666666,-0.7951003424845288
116,3,2,6,4,6,10,0.4,0.6853333333333333,0.6950555555555553,0.6853333333333333,0.642,0.6273333333333333,0.7155947373749063
117,3,2,6,4,6,10,0.4,-0.16666666666666666,-0.17311111111111105,-0.16666666666666666,-0.16266666666666665,-0.148,-0.17701403827207507
118,3,2,6,4,6,10,0.4,0.822,0.8332777777777775,0.822,0.7666666666666667,0.7506666666666667,0.8996005476172423
119,3,2,6,4,6,10,0.4,-0.10733333333333334,-0.10155555555555551,-0.10733333333333334,-0.10666666666666667,-0.12066666666666667,-0.11089618486876485
120,3,3,9,6,9,15,0.4,-0.7953333333333333,-0.8238333333333333,-0.7953333333333333,-0.7533333333333333,-0.6933333333333334,-0.8467065767068008
121,3,3,9,6,9,15,0.4,0.007333333333333333,0.009833333333333326,0.007333333333333333,0.017333333333333333,0.009333333333333334,-0.01447735404640571
122,3,3,9,6,9,15,0.4,-0.9093333333333333,-0.9366111111111105,-0.9093333333333333,-0.8486666666666667,-0.7953333333333333,-0.9792728099682374
123,3,3,9,6,9,15,0.4,0.3273333333333333,0.3355555555555554,0.3273333333333333,0.29533333333333334,0.282,0.3587881493445858
124,3,3,9,6,9,15,0.4,0.9233333333333333,0.9508888888888883,0.9233333333333333,0.8626666666666667,0.8086666666666666,1.0000000000000004
125,3,3,9,6,9,15,0.4,-0.18066666666666667,-0.18599999999999997,-0.18066666666666667,-0.16333333333333333,-0.154,-0.1887120192548602
126,3,3,9,6,9,15,0.4,0.8593333333333333,0.8847777777777776,0.8593333333333333,0.7806666666666666,0.7353333333333333,0.9337861688251043
127,3,3,9,6,9,15,0.4,0.20933333333333334,0.23122222222222213,0.20933333333333334,0.17666666666666667,0.13066666666666665,0.2178654059540338
128,3,3,9,6,9,15,0.4,-0.7953333333333333,-0.8240555555555552,-0.7953333333333333,-0.7373333333333333,-0.68,-0.8559150286919375
129,3,3,9,6,9,15,0.4,0.11533333333333333,0.11949999999999995,0.11533333333333333,0.112,0.10266666666666667,0.10096259692819241
130,3,3,9,6,9,15,0.4,-0.8793333333333333,-0.9093888888888888,-0.8793333333333333,-0.8153333333333334,-0.756,-0.9627322889209322
131,3,3,9,6,9,15,0.4,-0.168,-0.17511111111111108,-0.168,-0.166,-0.14933333333333335,-0.18161215797663732
132,3,4,12,8,12,20,0.4,-0.7566666666666667,-0.789333333333333,-0.7566666666666667,-0.678,-0.6153333333333333,-0.8372326191833572
133,3,4,12,8,12,20,0.4,0.5733333333333334,0.6046111111111108,0.5733333333333334,0.48133333333333334,0.4246666666666667,0.6583069455335209
134,3,4,12,8,12,20,0.4,-0.05533333333333333,-0.059722222222222204,-0.05533333333333333,-0.04933333333333333,-0.04,-0.06696193995748825
135,3,4,12,8,12,20,0.4,-0.028,-0.02472222222222222,-0.028,-0.017333333333333333,-0.027333333333333334,-0.03275514866343504
136,3,4,12,8,12,20,0.4,0.792,0.8344444444444442,0.792,0.7226666666666667,0.6346666666666667,0.8530900266550085
137,3,4,12,8,12,20,0.4,0.154,0.1572777777777777,0.154,0.138,0.13333333333333333,0.1548725959634096
138,3,4,12,8,12,20,0.4,0.408,0.43255555555555547,0.408,0.3566666666666667,0.308,0.43513045368017683
139,3,4,12,8,12,20,0.4,-0.19,-0.1972222222222222,-0.19,-0.17,-0.15666666666666668,-0.19006429471779207
140,3,4,12,8,12,20,0.4,-0.6206666666666667,-0.6481666666666664,-0.6206666666666667,-0.5673333333333334,-0.512,-0.6836053997986411
141,3,4,12,8,12,20,0.4,0.5833333333333334,0.5953333333333329,0.5833333333333334,0.5326666666666666,0.514,0.6223134849756785
142,3,4,12,8,12,20,0.4,0.19666666666666666,0.20788888888888882,0.19666666666666666,0.17866666666666667,0.15533333333333332,0.22349621223602228
143,3,4,12,8,12,20,0.4,-0.21266666666666667,-0.22399999999999995,-0.21266666666666667,-0.18333333333333332,-0.162,-0.2528161103019918
144,3,5,15,10,15,25,0.4,0.06,0.06799999999999998,0.06,0.034,0.02,0.05216769387761794
145,3,5,15,10,15,25,0.4,0.43266666666666664,0.46705555555555556,0.43266666666666664,0.35,0.284,0.5020897894495197
146,3,5,15,10,15,25,0.4,0.015333333333333332,0.018055555555555554,0.015333333333333332,-0.004,-0.006666666666666667,0.024358729346809216
147,3,5,15,10,15,25,0.4,-0.23266666666666666,-0.25766666666666654,-0.23266666666666666,-0.16933333333333334,-0.122,-0.2626582407030882
148,3,5,15,10,15,25,0.4,-0.8686666666666667,-0.923222222222222,-0.8686666666666667,-0.754,-0.646,-0.9511202940794349
149,3,5,15,10,15,25,0.4,-0.06466666666666666,-0.06422222222222217,-0.06466666666666666,-0.06,-0.062,-0.06874290556482285
150,3,5,15,10,15,25,0.4,0.10266666666666667,0.10999999999999995,0.10266666666666667,0.08133333333333333,0.068,0.08375249332563131
151,3,5,15,10,15,25,0.4,0.328,0.34205555555555545,0.328,0.306,0.27666666666666667,0.3945257528629329
152,3,5,15,10,15,25,0.4,-0.17333333333333334,-0.1766666666666666,-0.17333333333333334,-0.16666666666666666,-0.16,-0.19712548780697264
153,3,5,15,10,15,25,0.4,-0.7013333333333334,-0.7466666666666664,-0.7013333333333334,-0.6173333333333333,-0.5253333333333333,-0.7693090360788859
154,3,5,15,10,15,25,0.4,-0.05466666666666667,-0.058055555555555534,-0.05466666666666667,-0.050666666666666665,-0.043333333333333335,-0.04091979412770416
155,3,5,15,10,15,25,0.4,-0.19333333333333333,-0.20638888888888876,-0.19333333333333333,-0.16333333333333333,-0.138,-0.23732623363960176
156,3,6,18,12,18,30,0.4,-0.182,-0.18783333333333327,-0.182,-0.132,-0.128,-0.2105040448634202
157,3,6,18,12,18,30,0.4,-0.08933333333333333,-0.09799999999999995,-0.08933333333333333,-0.092,-0.07066666666666667,-0.07228064735597889
158,3,6,18,12,18,30,0.4,0.064,0.07577777777777776,0.064,0.02266666666666667,0.0026666666666666666,0.06127211949200412
159,3,6,18,12,18,30,0.4,0.378,0.4077222222222222,0.378,0.30133333333333334,0.24533333333333332,0.3965593224506605
160,3,6,18,12,18,30,0.4,-0.302,-0.3241666666666666,-0.302,-0.226,-0.188,-0.2960792708490378
161,3,6,18,12,18,30,0.4,-0.21933333333333332,-0.2274444444444444,-0.21933333333333332,-0.19533333333333333,-0.18066666666666667,-0.26211870811656424
162,3,6,18,12,18,30,0.4,0.15666666666666668,0.17405555555555555,0.15666666666666668,0.11133333333333334,0.07866666666666666,0.19810678282769353
163,3,6,18,12,18,30,0.4,-0.4246666666666667,-0.45533333333333315,-0.4246666666666667,-0.3566666666666667,-0.2966666666666667,-0.468961038298412
164,3,6,18,12,18,30,0.4,-0.486,-0.5203888888888888,-0.486,-0.4166666666666667,-0.348,-0.5524125750605491
165,3,6,18,12,18,30,0.4,0.104,0.1056111111111111,0.104,0.09133333333333334,0.09,0.08956011682999387
166,3,6,18,12,18,30,0.4,-0.12266666666666666,-0.1442222222222221,-0.12266666666666666,-0.104,-0.056,-0.1946432081579332
167,3,6,18,12,18,30,0.4,0.352,0.3812222222222221,0.352,0.29133333333333333,0.23333333333333334,0.3904193912574856
168,3,7,21,14,21,35,0.4,0.24733333333333332,0.263111111111111,0.24733333333333332,0.198,0.17,0.3122183966093234
169,3,7,21,14,21,35,0.4,-0.112,-0.11683333333333332,-0.112,-0.074,-0.07,-0.13997409222057428
170,3,7,21,14,21,35,0.4,-0.098,-0.11827777777777775,-0.098,-0.06133333333333333,-0.02,-0.1423187576787957
171,3,7,21,14,21,35,0.4,0.608,0.6697222222222219,0.608,0.43733333333333335,0.3233333333333333,0.7507763896671449
172,3,7,21,14,21,35,0.4,0.5673333333333334,0.6096666666666665,0.5673333333333334,0.4693333333333333,0.3873333333333333,0.6496536708795146
173,3,7,21,14,21,35,0.4,0.2946666666666667,0.3279444444444444,0.2946666666666667,0.22866666666666666,0.162,0.3387763525634241
174,3,7,21,14,21,35,0.4,-0.7393333333333333,-0.7942777777777775,-0.7393333333333333,-0.58,-0.48,-0.8567831840350386
175,3,7,21,14,21,35,0.4,-0.118,-0.12494444444444439,-0.118,-0.09133333333333334,-0.08,-0.15121035470666122
176,3,7,21,14,21,35,0.4,-0.2753333333333333,-0.3041666666666666,-0.2753333333333333,-0.21933333333333332,-0.16133333333333333,-0.3543235936733335
177,3,7,21,14,21,35,0.4,0.36933333333333335,0.4004444444444444,0.36933333333333335,0.2926666666666667,0.23333333333333334,0.42298750779794375
178,3,7,21,14,21,35,0.4,-0.012666666666666666,-0.018999999999999986,-0.012666666666666666,-0.05,-0.027333333333333334,-0.025588358580107412
179,3,7,21,14,21,35,0.4,0.126,0.14349999999999996,0.126,0.076,0.044,0.13506540227618374
180,3,8,24,16,24,40,0.4,-0.4646666666666667,-0.5164999999999997,-0.4646666666666667,-0.3293333333333333,-0.232,-0.5935846608319105
181,3,8,24,16,24,40,0.4,0.22866666666666666,0.2505555555555554,0.22866666666666666,0.176,0.134,0.28213152457890117
182,3,8,24,16,24,40,0.4,-0.15866666666666668,-0.17050000000000004,-0.15866666666666668,-0.11333333333333333,-0.094,-0.1323731845931458
183,3,8,24,16,24,40,0.4,0.013333333333333334,0.017555555555555546,0.013333333333333334,0.02266666666666667,0.010666666666666666,0.003960772028042514
184,3,8,24,16,24,40,0.4,-0.056,-0.0632222222222222,-0.056,-0.029333333333333333,-0.017333333333333333,-0.06362124341983172
185,3,8,24,16,24,40,0.4,-0.43066666666666664,-0.48016666666666646,-0.43066666666666664,-0.27666666666666667,-0.18866666666666668,-0.5472343047370215
186,3,8,24,16,24,40,0.4,-0.272,-0.28894444444444417,-0.272,-0.19533333333333333,-0.17,-0.2954798469129817
187,3,8,24,16,24,40,0.4,0.284,0.31461111111111106,0.284,0.22666666666666666,0.16466666666666666,0.30695773419243444
188,3,8,24,16,24,40,0.4,-0.18,-0.2008333333333333,-0.18,-0.11666666666666667,-0.07933333333333334,-0.1915335614846947
189,3,8,24,16,24,40,0.4,0.05333333333333334,0.06033333333333331,0.05333333333333334,0.026,0.014666666666666666,0.03598891441455823
190,3,8,24,16,24,40,0.4,0.15733333333333333,0.17449999999999996,0.15733333333333333,0.108,0.07666666666666666,0.1750182381085434
191,3,8,24,16,24,40,0.4,0.044,0.04444444444444443,0.044,0.005333333333333333,0.012,0.05082558128543534
192,4,1,4,3,4,7,0.42857142857142855,0.9473333333333334,0.9613888888888885,0.9473333333333334,0.9286666666666666,0.8986666666666666,1.0000000000000002
193,4,1,4,3,4,7,0.42857142857142855,-0.0013333333333333333,-0.0023333333333333327,-0.0013333333333333333,0.0006666666666666666,0.0026666666666666666,-0.011665209254896947
194,4,1,4,3,4,7,0.42857142857142855,0.9573333333333334,0.9687222222222218,0.9573333333333334,0.9306666666666666,0.9086666666666666,0.9999999999999998
195,4,1,4,3,4,7,0.42857142857142855,0.7986666666666666,0.8049444444444444,0.7986666666666666,0.78,0.7686666666666667,0.8631595743458619
196,4,1,4,3,4,7,0.42857142857142855,-0.8146666666666667,-0.8236666666666661,-0.8146666666666667,-0.78,-0.7653333333333333,-0.8672316930663164
197,4,1,4,3,4,7,0.42857142857142855,0.9373333333333334,0.9433333333333331,0.9373333333333334,0.912,0.9026666666666666,1.0
198,4,1,4,3,4,7,0.42857142857142855,0.364,0.36816666666666653,0.364,0.354,0.346,0.4346735583270238
199,4,1,4,3,4,7,0.42857142857142855,-0.7466666666666667,-0.756722222222222,-0.7466666666666667,-0.7293333333333333,-0.7086666666666667,-0.7826060517607494
200,4,1,4,3,4,7,0.42857142857142855,-0.4886666666666667,-0.4929444444444444,-0.4886666666666667,-0.4806666666666667,-0.472,-0.5148706628458284
201,4,1,4,3,4,7,0.42857142857142855,-0.9213333333333333,-0.9281666666666663,-0.9213333333333333,-0.886,-0.8766666666666667,-0.9736267150496589
202,4,1,4,3,4,7,0.42857142857142855,-0.8926666666666667,-0.9033888888888887,-0.8926666666666667,-0.8706666666666667,-0.8493333333333334,-0.9379865483938179
203,4,1,4,3,4,7,0.42857142857142855,-0.5006666666666667,-0.5023333333333331,-0.5006666666666667,-0.48733333333333334,-0.486,-0.5584821088970477
204,4,2,7,6,8,14,0.42857142857142855,-0.11533333333333333,-0.1187222222222222,-0.11533333333333333,-0.11466666666666667,-0.10666666666666667,-0.13863485013493745
205,4,2,7,6,8,14,0.42857142857142855,0.08133333333333333,0.08777777777777775,0.08133333333333333,0.08733333333333333,0.07066666666666667,0.11405572349311799
206,4,2,7,6,8,14,0.42857142857142855,-0.4713333333333333,-0.4924444444444442,-0.4713333333333333,-0.4513333333333333,-0.4046666666666667,-0.4888995681115169
207,4,2,7,6,8,14,0.42857142857142855,0.23133333333333334,0.23044444444444448,0.23133333333333334,0.19866666666666666,0.20733333333333334,0.22420759881182167
208,4,2,7,6,8,14,0.42857142857142855,0.938,0.9676111111111105,0.938,0.9026666666666666,0.8386666666666667,0.9999999999999997
209,4,2,7,6,8,14,0.42857142857142855,0.9353333333333333,0.9564444444444443,0.9353333333333333,0.8853333333333333,0.8446666666666667,0.9999999999999998
210,4,2,7,6,8,14,0.42857142857142855,0.37466666666666665,0.37711111111111106,0.37466666666666665,0.3453333333333333,0.3453333333333333,0.3925277162789891
211,4,2,7,6,8,14,0.42857142857142855,-0.6793333333333333,-0.6976666666666663,-0.6793333333333333,-0.6493333333333333,-0.6113333333333333,-0.7186498847041438
212,4,2,7,6,8,14,0.42857142857142855,-0.244,-0.2463888888888888,-0.244,-0.23866666666666667,-0.234,-0.27892803762424023
213,4,2,7,6,8,14,0.42857142857142855,-0.20866666666666667,-0.21733333333333327,-0.20866666666666667,-0.21133333333333335,-0.19,-0.23651295239670728
214,4,2,7,6,8,14,0.42857142857142855,-0.8206666666666667,-0.8444444444444441,-0.8206666666666667,-0.7886666666666666,-0.738,-0.8729409561299603
215,4,2,7,6,8,14,0.42857142857142855,0.9173333333333333,0.9414444444444443,0.9173333333333333,0.878,0.828,0.9999999999999999
216,4,3,10,9,12,21,0.42857142857142855,0.6933333333333334,0.721111111111111,0.6933333333333334,0.6466666666666666,0.5893333333333334,0.7678453328198052
217,4,3,10,9,12,21,0.42857142857142855,0.026,0.02349999999999999,0.026,0.009333333333333334,0.018666666666666668,0.003884502915522059
218,4,3,10,9,12,21,0.42857142857142855,-0.752,-0.7797777777777777,-0.752,-0.6986666666666667,-0.6426666666666667,-0.8158031594400817
219,4,3,10,9,12,21,0.42857142857142855,-0.11466666666666667,-0.11161111111111109,-0.11466666666666667,-0.11133333333333334,-0.11933333333333333,-0.1276663865699576
220,4,3,10,9,12,21,0.42857142857142855,-0.3893333333333333,-0.40788888888888875,-0.3893333333333333,-0.37,-0.3293333333333333,-0.47894138805453257
221,4,3,10,9,12,21,0.42857142857142855,-0.032,-0.02933333333333332,-0.032,-0.010666666666666666,-0.021333333333333333,-0.014596705687005409
222,4,3,10,9,12,21,0.42857142857142855,0.28,0.2874444444444444,0.28,0.22733333333333333,0.22,0.2813700243500433
223,4,3,10,9,12,21,0.42857142857142855,0.808,0.8369444444444444,0.808,0.7473333333333333,0.69,0.8645400154325873
224,4,3,10,9,12,21,0.42857142857142855,-0.8346666666666667,-0.8605555555555551,-0.8346666666666667,-0.774,-0.724,-0.8942857740319401
225,4,3,10,9,12,21,0.42857142857142855,0.11333333333333333,0.11944444444444437,0.11333333333333333,0.11333333333333333,0.09866666666666667,0.12398787263513258
226,4,3,10,9,12,21,0.42857142857142855,0.23733333333333334,0.24944444444444433,0.23733333333333334,0.212,0.188,0.24890332882216132
227,4,3,10,9,12,21,0.42857142857142855,-0.8993333333333333,-0.9279444444444441,-0.8993333333333333,-0.836,-0.78,-0.981191408738633
228,4,4,13,12,16,28,0.42857142857142855,-0.6933333333333334,-0.7154999999999998,-0.6933333333333334,-0.6506666666666666,-0.606,-0.8006131603060926
229,4,4,13,12,16,28,0.42857142857142855,0.25133333333333335,0.2659444444444444,0.25133333333333335,0.22266666666666668,0.19333333333333333,0.2689712956703514
230,4,4,13,12,16,28,0.42857142857142855,0.5253333333333333,0.5378333333333332,0.5253333333333333,0.482,0.46066666666666667,0.5946412672957225
231,4,4,13,12,16,28,0.42857142857142855,0.058666666666666666,0.04777777777777776,0.058666666666666666,0.07266666666666667,0.096,0.08271180678030379
232,4,4,13,12,16,28,0.42857142857142855,0.004,0.008666666666666668,0.004,-0.03866666666666667,-0.04133333333333333,-0.039017841780781444
233,4,4,13,12,16,28,0.42857142857142855,0.5786666666666667,0.6139444444444443,0.5786666666666667,0.5153333333333333,0.44333333333333336,0.6377903440105475
234,4,4,13,12,16,28,0.42857142857142855,-0.04466666666666667,-0.044666666666666646,-0.04466666666666667,-0.03133333333333333,-0.034,-0.03209795115154995
235,4,4,13,12,16,28,0.42857142857142855,0.782,0.8158888888888887,0.782,0.712,0.6446666666666667,0.8596159633571954
236,4,4,13,12,16,28,0.42857142857142855,0.020666666666666667,0.005500000000000003,0.020666666666666667,-0.004,0.037333333333333336,0.03323577287292358
237,4,4,13,12,16,28,0.42857142857142855,-0.274,-0.28905555555555545,-0.274,-0.24333333333333335,-0.21333333333333335,-0.2746145408164784
238,4,4,13,12,16,28,0.42857142857142855,-0.042666666666666665,-0.05388888888888888,-0.042666666666666665,-0.021333333333333333,0.0013333333333333333,-0.03653270243857004
239,4,4,13,12,16,28,0.42857142857142855,-0.8266666666666667,-0.8621666666666663,-0.8266666666666667,-0.7473333333333333,-0.678,-0.9088770121458363
240,4,5,16,15,20,35,0.42857142857142855,-0.11466666666666667,-0.1209444444444444,-0.11466666666666667,-0.106,-0.09266666666666666,-0.13119601523554505
241,4,5,16,15,20,35,0.42857142857142855,-0.14066666666666666,-0.15161111111111106,-0.14066666666666666,-0.11933333333333333,-0.09733333333333333,-0.14677709340651302
242,4,5,16,15,20,35,0.42857142857142855,-0.08666666666666667,-0.08961111111111104,-0.08666666666666667,-0.078,-0.07266666666666667,-0.12933485895853206
243,4,5,16,15,20,35,0.42857142857142855,-0.4266666666666667,-0.4479444444444443,-0.4266666666666667,-0.388,-0.3446666666666667,-0.47464545612587383
244,4,5,16,15,20,35,0.42857142857142855,0.286,0.30249999999999994,0.286,0.21466666666666667,0.18933333333333333,0.29284334132996315
245,4,5,16,15,20,35,0.42857142857142855,-0.015333333333333332,-0.013666666666666659,-0.015333333333333332,-0.025333333333333333,-0.027333333333333334,-0.045552459701258555
246,4,5,16,15,20,35,0.42857142857142855,-0.12466666666666666,-0.13888888888888884,-0.12466666666666666,-0.114,-0.082,-0.13574150440350918
247,4,5,16,15,20,35,0.42857142857142855,-0.03666666666666667,-0.036722222222222205,-0.03666666666666667,-0.046,-0.044,-0.024712717297003417
248,4,5,16,15,20,35,0.42857142857142855,-0.05466666666666667,-0.05822222222222217,-0.05466666666666667,-0.06533333333333333,-0.05466666666666667,-0.06226812481913879
249,4,5,16,15,20,35,0.42857142857142855,0.4653333333333333,0.4920555555555554,0.4653333333333333,0.38133333333333336,0.334,0.5257005493485224
250,4,5,16,15,20,35,0.42857142857142855,0.5273333333333333,0.5742777777777777,0.5273333333333333,0.414,0.324,0.5999153902112142
251,4,5,16,15,20,35,0.42857142857142855,0.6813333333333333,0.7180555555555552,0.6813333333333333,0.6006666666666667,0.5286666666666666,0.7576797901670969
252,4,6,19,18,24,42,0.42857142857142855,0.09466666666666666,0.0958333333333333,0.09466666666666666,0.09733333333333333,0.094,0.11120864486448598
253,4,6,19,18,24,42,0.42857142857142855,0.07333333333333333,0.08288888888888887,0.07333333333333333,0.04533333333333334,0.028,0.07640571364593188
254,4,6,19,18,24,42,0.42857142857142855,-0.051333333333333335,-0.05577777777777773,-0.051333333333333335,-0.058,-0.046,-0.045645784771865094
255,4,6,19,18,24,42,0.42857142857142855,-0.424,-0.4540555555555553,-0.424,-0.3433333333333333,-0.28733333333333333,-0.4380087116711912
256,4,6,19,18,24,42,0.42857142857142855,0.768,0.8179999999999997,0.768,0.6513333333333333,0.5546666666666666,0.8356465920823991
257,4,6,19,18,24,42,0.42857142857142855,0.0026666666666666666,0.002055555555555557,0.0026666666666666666,-0.01,-0.006,0.015736775794758795
258,4,6,19,18,24,42,0.42857142857142855,-0.562,-0.5938888888888887,-0.562,-0.4693333333333333,-0.41133333333333333,-0.646626819088312
259,4,6,19,18,24,42,0.42857142857142855,0.154,0.16155555555555542,0.154,0.13333333333333333,0.11933333333333333,0.22394286281882125
260,4,6,19,18,24,42,0.42857142857142855,0.0,0.004722222222222216,0.0,0.016666666666666666,0.002,0.03468562490176687
261,4,6,19,18,24,42,0.42857142857142855,0.06466666666666666,0.06077777777777774,0.06466666666666666,0.08466666666666667,0.09,0.03621572109457666
262,4,6,19,18,24,42,0.42857142857142855,0.09933333333333333,0.11027777777777778,0.09933333333333333,0.058,0.04,0.09654382564049299
263,4,6,19,18,24,42,0.42857142857142855,0.2786666666666667,0.30200000000000005,0.2786666666666667,0.24866666666666667,0.19866666666666666,0.32681993881783544
264,4,7,22,21,28,49,0.42857142857142855,-0.36,-0.39527777777777773,-0.36,-0.27,-0.20333333333333334,-0.410766968557543
265,4,7,22,21,28,49,0.42857142857142855,0.2946666666666667,0.3256666666666665,0.2946666666666667,0.206,0.14933333333333335,0.33732253682332175
266,4,7,22,21,28,49,0.42857142857142855,0.04533333333333334,0.06016666666666665,0.04533333333333334,0.030666666666666665,-0.002,0.06179626940482269
267,4,7,22,21,28,49,0.42857142857142855,-0.572,-0.6215555555555554,-0.572,-0.4706666666666667,-0.372,-0.6581452057655576
268,4,7,22,21,28,49,0.42857142857142855,-0.224,-0.2424444444444444,-0.224,-0.196,-0.15733333333333333,-0.2774444425415481
269,4,7,22,21,28,49,0.42857142857142855,-0.11533333333333333,-0.12694444444444436,-0.11533333333333333,-0.066,-0.048,-0.17026833739134542
270,4,7,22,21,28,49,0.42857142857142855,-0.11533333333333333,-0.12649999999999997,-0.11533333333333333,-0.11133333333333334,-0.08533333333333333,-0.11713060368925696
271,4,7,22,21,28,49,0.42857142857142855,-0.306,-0.3364444444444443,-0.306,-0.27066666666666667,-0.20466666666666666,-0.3521077057181604
272,4,7,22,21,28,49,0.42857142857142855,0.4806666666666667,0.5147777777777778,0.4806666666666667,0.38466666666666666,0.322,0.5525154920795972
273,4,7,22,21,28,49,0.42857142857142855,0.094,0.09383333333333328,0.094,0.11266666666666666,0.10933333333333334,0.09523750507519234
274,4,7,22,21,28,49,0.42857142857142855,0.37533333333333335,0.4209444444444445,0.37533333333333335,0.2613333333333333,0.17466666666666666,0.4409330922689244
275,4,7,22,21,28,49,0.42857142857142855,-0.5186666666666667,-0.565611111111111,-0.5186666666666667,-0.39866666666666667,-0.31,-0.6326021576616796
276,4,8,25,24,32,56,0.42857142857142855,0.406,0.4479999999999999,0.406,0.312,0.23,0.46821173379230163
277,4,8,25,24,32,56,0.42857142857142855,-0.22133333333333333,-0.2423333333333332,-0.22133333333333333,-0.156,-0.11866666666666667,-0.22736573420090048
278,4,8,25,24,32,56,0.42857142857142855,0.07466666666666667,0.08388888888888886,0.07466666666666667,0.10733333333333334,0.07866666666666666,0.05900760435493882
279,4,8,25,24,32,56,0.42857142857142855,0.19933333333333333,0.22733333333333322,0.19933333333333333,0.16333333333333333,0.10333333333333333,0.24136408908886808
280,4,8,25,24,32,56,0.42857142857142855,0.30133333333333334,0.34483333333333327,0.30133333333333334,0.18933333333333333,0.10733333333333334,0.3345172509956644
281,4,8,25,24,32,56,0.42857142857142855,-0.196,-0.2145555555555555,-0.196,-0.1,-0.07466666666666667,-0.2866857188374244
282,4,8,25,24,32,56,0.42857142857142855,0.082,0.09255555555555553,0.082,0.03866666666666667,0.022,0.1168822854746344
283,4,8,25,24,32,56,0.42857142857142855,-0.458,-0.511111111111111,-0.458,-0.334,-0.23133333333333334,-0.5880159651947309
284,4,8,25,24,32,56,0.42857142857142855,-0.08266666666666667,-0.09322222222222216,-0.08266666666666667,-0.06933333333333333,-0.04666666666666667,-0.08631360915306989
285,4,8,25,24,32,56,0.42857142857142855,0.010666666666666666,0.009833333333333328,0.010666666666666666,0.017333333333333333,0.018,0.03220607479587394
286,4,8,25,24,32,56,0.42857142857142855,-0.05733333333333333,-0.0706111111111111,-0.05733333333333333,-0.048,-0.018,-0.08475416188894223
287,4,8,25,24,32,56,0.42857142857142855,-0.49933333333333335,-0.540722222222222,-0.49933333333333335,-0.416,-0.3333333333333333,-0.5951920427403095
288,5,1,5,4,5,9,0.4444444444444444,-0.6406666666666667,-0.6433333333333332,-0.6406666666666667,-0.612,-0.6113333333333333,-0.6584793268717319
289,5,1,5,4,5,9,0.4444444444444444,0.7753333333333333,0.7778333333333329,0.7753333333333333,0.7653333333333333,0.7613333333333333,0.8225710440805285
290,5,1,5,4,5,9,0.4444444444444444,0.328,0.3347222222222221,0.328,0.324,0.30866666666666664,0.31275951940753555
291,5,1,5,4,5,9,0.4444444444444444,-0.936,-0.9456111111111108,-0.936,-0.914,-0.8953333333333333,-0.9938379572871926
292,5,1,5,4,5,9,0.4444444444444444,0.942,0.9520555555555554,0.942,0.9213333333333333,0.9013333333333333,0.9999999999999997
293,5,1,5,4,5,9,0.4444444444444444,0.55,0.5505555555555554,0.55,0.5266666666666666,0.53,0.551452242365274
294,5,1,5,4,5,9,0.4444444444444444,-0.9233333333333333,-0.9413888888888884,-0.9233333333333333,-0.8966666666666666,-0.8586666666666667,-0.9736453416557795
295,5,1,5,4,5,9,0.4444444444444444,0.8593333333333333,0.8621111111111108,0.8593333333333333,0.8226666666666667,0.8233333333333334,0.9193645532334801
296,5,1,5,4,5,9,0.4444444444444444,-0.9446666666666667,-0.961333333333333,-0.9446666666666667,-0.9213333333333333,-0.886,-0.9998287078236988
297,5,1,5,4,5,9,0.4444444444444444,-0.166,-0.17077777777777772,-0.166,-0.15866666666666668,-0.14866666666666667,-0.15893303152486007
298,5,1,5,4,5,9,0.4444444444444444,-0.6706666666666666,-0.676222222222222,-0.6706666666666666,-0.644,-0.636,-0.7110529312667091
299,5,1,5,4,5,9,0.4444444444444444,0.9493333333333334,0.9553888888888886,0.9493333333333334,0.9233333333333333,0.914,0.9999999999999998
300,5,2,8,8,10,18,0.4444444444444444,0.8526666666666667,0.8707222222222222,0.8526666666666667,0.806,0.772,0.9255962958738909
301,5,2,8,8,10,18,0.4444444444444444,0.18066666666666667,0.19116666666666665,0.18066666666666667,0.20133333333333334,0.172,0.2376295053529296
302,5,2,8,8,10,18,0.4444444444444444,0.934,0.9522777777777776,0.934,0.8946666666666667,0.8586666666666667,1.0000000000000002
303,5,2,8,8,10,18,0.4444444444444444,-0.2806666666666667,-0.2878333333333333,-0.2806666666666667,-0.25133333333333335,-0.24,-0.2746714156921769
304,5,2,8,8,10,18,0.4444444444444444,-0.506,-0.5269444444444442,-0.506,-0.5213333333333333,-0.468,-0.5345536668344564
305,5,2,8,8,10,18,0.4444444444444444,-0.3433333333333333,-0.342111111111111,-0.3433333333333333,-0.3413333333333333,-0.3446666666666667,-0.35792122897083123
306,5,2,8,8,10,18,0.4444444444444444,0.9433333333333334,0.9651666666666662,0.9433333333333334,0.8913333333333333,0.8493333333333334,1.0000000000000002
307,5,2,8,8,10,18,0.4444444444444444,0.04,0.053222222222222206,0.04,0.04133333333333333,0.009333333333333334,0.009863414785923593
308,5,2,8,8,10,18,0.4444444444444444,-0.898,-0.9210555555555553,-0.898,-0.8546666666666667,-0.808,-0.9537423589655524
309,5,2,8,8,10,18,0.4444444444444444,0.8726666666666667,0.8921111111111111,0.8726666666666667,0.8226666666666667,0.786,0.9245464991156193
310,5,2,8,8,10,18,0.4444444444444444,-0.832,-0.8575555555555552,-0.832,-0.7686666666666667,-0.72,-0.8597954517251924
311,5,2,8,8,10,18,0.4444444444444444,-0.8673333333333333,-0.8833888888888888,-0.8673333333333333,-0.8146666666666667,-0.7866666666666666,-0.9215930383890213
312,5,3,11,12,15,27,0.4444444444444444,0.13466666666666666,0.13738888888888887,0.13466666666666666,0.13866666666666666,0.13133333333333333,0.17439136337921277
313,5,3,11,12,15,27,0.4444444444444444,-0.876,-0.9167777777777776,-0.876,-0.8066666666666666,-0.7226666666666667,-0.9442664225429485
314,5,3,11,12,15,27,0.4444444444444444,0.14733333333333334,0.14838888888888885,0.14733333333333334,0.16466666666666666,0.15866666666666668,0.1845533352530574
315,5,3,11,12,15,27,0.4444444444444444,-0.572,-0.5888888888888888,-0.572,-0.5026666666666667,-0.476,-0.5729222895971966
316,5,3,11,12,15,27,0.4444444444444444,-0.30466666666666664,-0.31666666666666665,-0.30466666666666664,-0.294,-0.2673333333333333,-0.33362088654090094
317,5,3,11,12,15,27,0.4444444444444444,-0.184,-0.19838888888888884,-0.184,-0.168,-0.13666666666666666,-0.19511719807890215
318,5,3,11,12,15,27,0.4444444444444444,-0.004,-0.0028888888888888888,-0.004,-0.004,-0.006666666666666667,0.01955367327366528
319,5,3,11,12,15,27,0.4444444444444444,0.482,0.5024444444444442,0.482,0.4633333333333333,0.418,0.5361723574157847
320,5,3,11,12,15,27,0.4444444444444444,0.744,0.7777222222222218,0.744,0.676,0.6086666666666667,0.8187407211062195
321,5,3,11,12,15,27,0.4444444444444444,0.5153333333333333,0.5371666666666665,0.5153333333333333,0.46,0.4186666666666667,0.5487152648250415
322,5,3,11,12,15,27,0.4444444444444444,0.5053333333333333,0.5308333333333333,0.5053333333333333,0.4826666666666667,0.426,0.5536002437981189
323,5,3,11,12,15,27,0.4444444444444444,0.6146666666666667,0.6339444444444443,0.6146666666666667,0.5533333333333333,0.5193333333333333,0.6934114356336958
324,5,4,14,16,20,36,0.4444444444444444,-0.218,-0.22111111111111104,-0.218,-0.184,-0.18333333333333332,-0.23712819576692
325,5,4,14,16,20,36,0.4444444444444444,-0.05533333333333333,-0.05327777777777774,-0.05533333333333333,-0.03,-0.04,-0.06462496265140417
326,5,4,14,16,20,36,0.4444444444444444,-0.04133333333333333,-0.039888888888888877,-0.04133333333333333,-0.03866666666666667,-0.042666666666666665,-0.08532231215641048
327,5,4,14,16,20,36,0.4444444444444444,-0.050666666666666665,-0.05833333333333331,-0.050666666666666665,-0.04533333333333334,-0.028,-0.04320370775207964
328,5,4,14,16,20,36,0.4444444444444444,0.6486666666666666,0.6711111111111109,0.6486666666666666,0.5893333333333334,0.5473333333333333,0.7203333014461373
329,5,4,14,16,20,36,0.4444444444444444,0.5566666666666666,0.5812222222222221,0.5566666666666666,0.4786666666666667,0.43533333333333335,0.6041694930540359
330,5,4,14,16,20,36,0.4444444444444444,0.42,0.42949999999999994,0.42,0.4126666666666667,0.3913333333333333,0.472608532034997
331,5,4,14,16,20,36,0.4444444444444444,-0.09066666666666667,-0.10866666666666666,-0.09066666666666667,-0.078,-0.037333333333333336,-0.10934865352061392
332,5,4,14,16,20,36,0.4444444444444444,0.06866666666666667,0.0686111111111111,0.06866666666666667,0.06933333333333333,0.06933333333333333,0.07540572914187837
333,5,4,14,16,20,36,0.4444444444444444,-0.18933333333333333,-0.19833333333333322,-0.18933333333333333,-0.178,-0.15866666666666668,-0.2218948528229859
334,5,4,14,16,20,36,0.4444444444444444,0.6506666666666666,0.6798333333333332,0.6506666666666666,0.5806666666666667,0.5246666666666666,0.6992815154468478
335,5,4,14,16,20,36,0.4444444444444444,-0.3626666666666667,-0.387222222222222,-0.3626666666666667,-0.328,-0.276,-0.4008125060444153
336,5,5,17,20,25,45,0.4444444444444444,0.028,0.024222222222222218,0.028,0.02666666666666667,0.036,0.04006432305437804
337,5,5,17,20,25,45,0.4444444444444444,0.21733333333333332,0.23683333333333326,0.21733333333333332,0.19,0.14866666666666667,0.258923988420855
338,5,5,17,20,25,45,0.4444444444444444,-0.204,-0.21694444444444438,-0.204,-0.18533333333333332,-0.158,-0.20295526349796678
339,5,5,17,20,25,45,0.4444444444444444,-0.22066666666666668,-0.23938888888888885,-0.22066666666666668,-0.18933333333333333,-0.15066666666666667,-0.23743831905896987
340,5,5,17,20,25,45,0.4444444444444444,0.43866666666666665,0.4706111111111109,0.43866666666666665,0.37533333333333335,0.31133333333333335,0.46025679809482156
341,5,5,17,20,25,45,0.4444444444444444,-0.578,-0.6182777777777776,-0.578,-0.5446666666666666,-0.45466666666666666,-0.6834236310511081
342,5,5,17,20,25,45,0.4444444444444444,0.06333333333333334,0.07549999999999997,0.06333333333333334,0.074,0.042666666666666665,0.06998419311464556
343,5,5,17,20,25,45,0.4444444444444444,0.30133333333333334,0.3273888888888888,0.30133333333333334,0.2786666666666667,0.22066666666666668,0.34408932668520265
344,5,5,17,20,25,45,0.4444444444444444,-0.25466666666666665,-0.2783333333333332,-0.25466666666666665,-0.25066666666666665,-0.19466666666666665,-0.2913602066027996
345,5,5,17,20,25,45,0.4444444444444444,-0.043333333333333335,-0.04477777777777778,-0.043333333333333335,-0.046,-0.042,-0.04648631799212265
346,5,5,17,20,25,45,0.4444444444444444,0.05466666666666667,0.04705555555555555,0.05466666666666667,0.012666666666666666,0.03933333333333333,0.054041823083926965
347,5,5,17,20,25,45,0.4444444444444444,0.02666666666666667,0.024222222222222218,0.02666666666666667,0.012666666666666666,0.021333333333333333,0.0497193781038551
348,5,6,20,24,30,54,0.4444444444444444,-0.22,-0.23738888888888887,-0.22,-0.22466666666666665,-0.182,-0.2820835830309467
349,5,6,20,24,30,54,0.4444444444444444,0.29933333333333334,0.3266666666666665,0.29933333333333334,0.26466666666666666,0.206,0.3631352944940042
350,5,6,20,24,30,54,0.4444444444444444,-0.13066666666666665,-0.15138888888888877,-0.13066666666666665,-0.12533333333333332,-0.07666666666666666,-0.14500411994114148
351,5,6,20,24,30,54,0.4444444444444444,-0.03133333333333333,-0.03994444444444443,-0.03133333333333333,-0.04133333333333333,-0.018666666666666668,-0.026241921083173775
352,5,6,20,24,30,54,0.4444444444444444,0.050666666666666665,0.05872222222222218,0.050666666666666665,0.010666666666666666,-0.0006666666666666666,0.07417181073213633
353,5,6,20,24,30,54,0.4444444444444444,0.07666666666666666,0.07755555555555556,0.07666666666666666,0.02266666666666667,0.03133333333333333,0.04609022799215503
354,5,6,20,24,30,54,0.4444444444444444,0.176,0.19827777777777775,0.176,0.17866666666666667,0.12466666666666666,0.20535638602616174
355,5,6,20,24,30,54,0.4444444444444444,0.18533333333333332,0.1988333333333332,0.18533333333333332,0.11333333333333333,0.09533333333333334,0.24849414984542756
356,5,6,20,24,30,54,0.4444444444444444,0.39,0.4163888888888888,0.39,0.31333333333333335,0.2653333333333333,0.41429641595651245
357,5,6,20,24,30,54,0.4444444444444444,-0.29733333333333334,-0.32616666666666655,-0.29733333333333334,-0.238,-0.18066666666666667,-0.32550536968943544
358,5,6,20,24,30,54,0.4444444444444444,-0.32133333333333336,-0.33961111111111103,-0.32133333333333336,-0.25866666666666666,-0.22733333333333333,-0.34988787261371507
359,5,6,20,24,30,54,0.4444444444444444,0.038,0.03655555555555555,0.038,0.05533333333333333,0.05533333333333333,0.10927144734981215
360,5,7,23,28,35,63,0.4444444444444444,-0.538,-0.575722222222222,-0.538,-0.4553333333333333,-0.38133333333333336,-0.59858291343589
361,5,7,23,28,35,63,0.4444444444444444,-0.24333333333333335,-0.2617222222222221,-0.24333333333333335,-0.176,-0.14533333333333334,-0.2939462763637225
362,5,7,23,28,35,63,0.4444444444444444,0.021333333333333333,0.0352222222222222,0.021333333333333333,-0.002,-0.030666666666666665,-0.003953684215428355
363,5,7,23,28,35,63,0.4444444444444444,0.07933333333333334,0.07338888888888886,0.07933333333333334,0.05733333333333333,0.076,0.03534884411575645
364,5,7,23,28,35,63,0.4444444444444444,-0.5546666666666666,-0.5983888888888889,-0.5546666666666666,-0.4633333333333333,-0.37666666666666665,-0.6350267296574037
365,5,7,23,28,35,63,0.4444444444444444,-0.03266666666666666,-0.03833333333333332,-0.03266666666666666,-0.021333333333333333,-0.01,-0.030625078214109827
366,5,7,23,28,35,63,0.4444444444444444,0.27266666666666667,0.30605555555555547,0.27266666666666667,0.192,0.128,0.2767888814845395
367,5,7,23,28,35,63,0.4444444444444444,0.11466666666666667,0.1302222222222222,0.11466666666666667,0.09466666666666666,0.06133333333333333,0.11735775629499799
368,5,7,23,28,35,63,0.4444444444444444,0.037333333333333336,0.03705555555555554,0.037333333333333336,0.044,0.043333333333333335,0.04864744012943922
369,5,7,23,28,35,63,0.4444444444444444,0.8413333333333334,0.892833333333333,0.8413333333333334,0.6933333333333334,0.5993333333333334,0.9502335922550835
370,5,7,23,28,35,63,0.4444444444444444,-0.03266666666666666,-0.037277777777777764,-0.03266666666666666,-0.014,-0.006666666666666667,-0.03344428510041041
371,5,7,23,28,35,63,0.4444444444444444,0.5506666666666666,0.5761666666666665,0.5506666666666666,0.4846666666666667,0.43666666666666665,0.606186934223778
372,5,8,26,32,40,72,0.4444444444444444,-0.31466666666666665,-0.3390555555555555,-0.31466666666666665,-0.19866666666666666,-0.16333333333333333,-0.43134192446662684
373,5,8,26,32,40,72,0.4444444444444444,-0.844,-0.903222222222222,-0.844,-0.69,-0.5786666666666667,-0.9768218542904458
374,5,8,26,32,40,72,0.4444444444444444,0.028666666666666667,0.024944444444444436,0.028666666666666667,-0.02,-0.0013333333333333333,0.04475616459688889
375,5,8,26,32,40,72,0.4444444444444444,0.30933333333333335,0.3534999999999999,0.30933333333333335,0.186,0.10466666666666667,0.3784250091379449
376,5,8,26,32,40,72,0.4444444444444444,0.048,0.051555555555555535,0.048,0.012,0.010666666666666666,0.09012223997594317
377,5,8,26,32,40,72,0.4444444444444444,0.06266666666666666,0.06377777777777775,0.06266666666666666,0.06266666666666666,0.06,0.10005575781868288
378,5,8,26,32,40,72,0.4444444444444444,-0.01,-0.0011666666666666687,-0.01,-0.012666666666666666,-0.03333333333333333,-0.005572027505145932
379,5,8,26,32,40,72,0.4444444444444444,-0.49466666666666664,-0.5428333333333332,-0.49466666666666664,-0.37,-0.2793333333333333,-0.5644644444681385
380,5,8,26,32,40,72,0.4444444444444444,-0.232,-0.2534444444444444,-0.232,-0.148,-0.11333333333333333,-0.25002436160881936
381,5,8,26,32,40,72,0.4444444444444444,-0.4746666666666667,-0.5167222222222223,-0.4746666666666667,-0.38,-0.298,-0.5734811170893936
382,5,8,26,32,40,72,0.4444444444444444,-0.4053333333333333,-0.4273888888888888,-0.4053333333333333,-0.25733333333333336,-0.234,-0.49484368280624447
383,5,8,26,32,40,72,0.4444444444444444,0.04666666666666667,0.05561111111111109,0.04666666666666667,0.036,0.016666666666666666,0.05521597314178005
384,6,1,6,5,6,11,0.45454545454545453,0.9153333333333333,0.9291111111111107,0.9153333333333333,0.9,0.87,0.9725829013690723
385,6,1,6,5,6,11,0.45454545454545453,0.9513333333333334,0.9627222222222219,0.9513333333333334,0.918,0.8973333333333333,0.9999999999999998
386,6,1,6,5,6,11,0.45454545454545453,-0.654,-0.664111111111111,-0.654,-0.6326666666666667,-0.6126666666666667,-0.686659879918979
387,6,1,6,5,6,11,0.45454545454545453,-0.6566666666666666,-0.6689999999999997,-0.6566666666666666,-0.6553333333333333,-0.626,-0.688895595892708
388,6,1,6,5,6,11,0.45454545454545453,0.5913333333333334,0.597722222222222,0.5913333333333334,0.5713333333333334,0.56,0.6234842841098148
389,6,1,6,5,6,11,0.45454545454545453,-0.93,-0.9339444444444441,-0.93,-0.896,-0.8933333333333333,-0.9806713253849638
390,6,1,6,5,6,11,0.45454545454545453,0.836,0.851388888888889,0.836,0.8113333333333334,0.7793333333333333,0.8921361506523865
391,6,1,6,5,6,11,0.45454545454545453,0.87,0.8817222222222219,0.87,0.8493333333333334,0.8253333333333334,0.9217931571395501
392,6,1,6,5,6,11,0.45454545454545453,0.9593333333333334,0.9750555555555551,0.9593333333333334,0.9373333333333334,0.904,0.9999999999999998
393,6,1,6,5,6,11,0.45454545454545453,0.9573333333333334,0.9697222222222219,0.9573333333333334,0.9353333333333333,0.91,0.9999999999999999
394,6,1,6,5,6,11,0.45454545454545453,0.8386666666666667,0.8453888888888884,0.8386666666666667,0.828,0.814,0.904459064546455
395,6,1,6,5,6,11,0.45454545454545453,-0.5786666666666667,-0.5819444444444445,-0.5786666666666667,-0.5793333333333334,-0.5713333333333334,-0.6100579240617796
396,6,2,9,10,12,22,0.45454545454545453,0.21266666666666667,0.2217777777777777,0.21266666666666667,0.21,0.18866666666666668,0.24310235555418952
397,6,2,9,10,12,22,0.45454545454545453,0.8566666666666667,0.8855555555555554,0.8566666666666667,0.8266666666666667,0.7633333333333333,0.9219296988392344
398,6,2,9,10,12,22,0.45454545454545453,-0.8666666666666667,-0.8823888888888888,-0.8666666666666667,-0.828,-0.798,-0.9260408487221474
399,6,2,9,10,12,22,0.45454545454545453,-0.18666666666666668,-0.19538888888888883,-0.18666666666666668,-0.18866666666666668,-0.16733333333333333,-0.22437213156458077
400,6,2,9,10,12,22,0.45454545454545453,-0.6586666666666666,-0.6660555555555555,-0.6586666666666666,-0.6066666666666667,-0.5993333333333334,-0.6824539395704904
401,6,2,9,10,12,22,0.45454545454545453,-0.4046666666666667,-0.4163333333333332,-0.4046666666666667,-0.37466666666666665,-0.3526666666666667,-0.43145898309019837
402,6,2,9,10,12,22,0.45454545454545453,0.9353333333333333,0.9560555555555554,0.9353333333333333,0.88,0.8413333333333334,0.9999999999999999
403,6,2,9,10,12,22,0.45454545454545453,0.874,0.8952777777777775,0.874,0.842,0.7973333333333333,0.9238694899215513
404,6,2,9,10,12,22,0.45454545454545453,0.32466666666666666,0.3377777777777776,0.32466666666666666,0.294,0.26866666666666666,0.3364774159807664
405,6,2,9,10,12,22,0.45454545454545453,-0.242,-0.253111111111111,-0.242,-0.22533333333333333,-0.202,-0.25303219322521847
406,6,2,9,10,12,22,0.45454545454545453,0.9433333333333334,0.9588333333333328,0.9433333333333334,0.8873333333333333,0.8613333333333333,1.0000000000000004
407,6,2,9,10,12,22,0.45454545454545453,-0.08666666666666667,-0.08377777777777777,-0.08666666666666667,-0.06133333333333333,-0.07333333333333333,-0.039661780161377745
408,6,3,12,15,18,33,0.45454545454545453,0.188,0.1929999999999999,0.188,0.18466666666666667,0.17333333333333334,0.21720886518502416
409,6,3,12,15,18,33,0.45454545454545453,-0.156,-0.1688333333333333,-0.156,-0.13866666666666666,-0.11133333333333334,-0.17457854047658977
410,6,3,12,15,18,33,0.45454545454545453,-0.059333333333333335,-0.06316666666666665,-0.059333333333333335,-0.02666666666666667,-0.024,-0.04414248227541019
411,6,3,12,15,18,33,0.45454545454545453,-0.738,-0.7643333333333334,-0.738,-0.6853333333333333,-0.6326666666666667,-0.8105469859919642
412,6,3,12,15,18,33,0.45454545454545453,0.9293333333333333,0.9638888888888886,0.9293333333333333,0.858,0.7893333333333333,0.9999999999999998
413,6,3,12,15,18,33,0.45454545454545453,-0.924,-0.956611111111111,-0.924,-0.856,-0.7913333333333333,-0.9958893942700722
414,6,3,12,15,18,33,0.45454545454545453,-0.42533333333333334,-0.43694444444444447,-0.42533333333333334,-0.38266666666666665,-0.36333333333333334,-0.4502901638431002
415,6,3,12,15,18,33,0.45454545454545453,0.07466666666666667,0.06477777777777774,0.07466666666666667,0.1,0.11866666666666667,0.10145511089292389
416,6,3,12,15,18,33,0.45454545454545453,0.7553333333333333,0.7746111111111107,0.7553333333333333,0.7106666666666667,0.6733333333333333,0.8411682635500214
417,6,3,12,15,18,33,0.45454545454545453,0.72,0.7518888888888888,0.72,0.6773333333333333,0.6093333333333333,0.7942463398848196
418,6,3,12,15,18,33,0.45454545454545453,0.062,0.05405555555555554,0.062,0.06733333333333333,0.08533333333333333,0.0901013945618458
419,6,3,12,15,18,33,0.45454545454545453,0.916,0.9441111111111109,0.916,0.8553333333333333,0.8,1.0
420,6,4,15,20,24,44,0.45454545454545453,-0.008,-0.0085,-0.008,0.004666666666666667,0.0033333333333333335,-0.008899964656848867
421,6,4,15,20,24,44,0.45454545454545453,-0.17666666666666667,-0.19544444444444437,-0.17666666666666667,-0.098,-0.06866666666666667,-0.18061382173895207
422,6,4,15,20,24,44,0.45454545454545453,0.14866666666666667,0.1413333333333333,0.14866666666666667,0.14,0.15933333333333333,0.20505290321868397
423,6,4,15,20,24,44,0.45454545454545453,0.8513333333333334,0.8827222222222219,0.8513333333333334,0.7546666666666667,0.6986666666666667,0.928398097668879
424,6,4,15,20,24,44,0.45454545454545453,-0.18466666666666667,-0.2029444444444444,-0.18466666666666667,-0.162,-0.12266666666666666,-0.1919853729010069
425,6,4,15,20,24,44,0.45454545454545453,-0.028,-0.037166666666666646,-0.028,-0.03133333333333333,-0.008666666666666666,-0.040991238588426834
426,6,4,15,20,24,44,0.45454545454545453,-0.15266666666666667,-0.15872222222222218,-0.15266666666666667,-0.10666666666666667,-0.10133333333333333,-0.17343213321959755
427,6,4,15,20,24,44,0.45454545454545453,-0.19866666666666666,-0.20394444444444437,-0.19866666666666666,-0.15866666666666668,-0.154,-0.21877461018031297
428,6,4,15,20,24,44,0.45454545454545453,0.5973333333333334,0.6276666666666665,0.5973333333333334,0.5366666666666666,0.476,0.6542237463615241
429,6,4,15,20,24,44,0.45454545454545453,0.02,0.023833333333333328,0.02,0.027333333333333334,0.016666666666666666,0.014831242063010001
430,6,4,15,20,24,44,0.45454545454545453,0.20533333333333334,0.22422222222222202,0.20533333333333334,0.182,0.14133333333333334,0.2012731313330496
431,6,4,15,20,24,44,0.45454545454545453,0.3586666666666667,0.3714999999999999,0.3586666666666667,0.3313333333333333,0.306,0.40647928946826783
432,6,5,18,25,30,55,0.45454545454545453,-0.5126666666666667,-0.5418333333333332,-0.5126666666666667,-0.436,-0.38133333333333336,-0.554025303897959
433,6,5,18,25,30,55,0.45454545454545453,-0.09666666666666666,-0.09938888888888886,-0.09666666666666666,-0.05733333333333333,-0.058666666666666666,-0.08404351043704726
434,6,5,18,25,30,55,0.45454545454545453,0.12,0.11738888888888883,0.12,0.10466666666666667,0.114,0.13101960551454647
435,6,5,18,25,30,55,0.45454545454545453,-0.246,-0.2544444444444443,-0.246,-0.25466666666666665,-0.23266666666666666,-0.30500289432629996
436,6,5,18,25,30,55,0.45454545454545453,0.376,0.4111666666666665,0.376,0.304,0.234,0.41548017981215596
437,6,5,18,25,30,55,0.45454545454545453,-0.030666666666666665,-0.04811111111111109,-0.030666666666666665,-0.021333333333333333,0.018666666666666668,-0.012421553931336475
438,6,5,18,25,30,55,0.45454545454545453,0.382,0.3945555555555553,0.382,0.32466666666666666,0.306,0.4226841687708274
439,6,5,18,25,30,55,0.45454545454545453,-0.4513333333333333,-0.47199999999999986,-0.4513333333333333,-0.3566666666666667,-0.326,-0.5032593517436029
440,6,5,18,25,30,55,0.45454545454545453,-0.027333333333333334,-0.032999999999999995,-0.027333333333333334,-0.02266666666666667,-0.01,-0.04004424548251597
441,6,5,18,25,30,55,0.45454545454545453,-0.154,-0.16527777777777772,-0.154,-0.142,-0.11733333333333333,-0.1726647303014
442,6,5,18,25,30,55,0.45454545454545453,0.23533333333333334,0.25672222222222213,0.23533333333333334,0.21866666666666668,0.17066666666666666,0.26615886173176806
443,6,5,18,25,30,55,0.45454545454545453,-0.41533333333333333,-0.44261111111111084,-0.41533333333333333,-0.36466666666666664,-0.30933333333333335,-0.4384502594508313
444,6,6,21,30,36,66,0.45454545454545453,0.034666666666666665,0.03861111111111108,0.034666666666666665,0.074,0.056666666666666664,0.09036059733116193
445,6,6,21,30,36,66,0.45454545454545453,0.21533333333333332,0.2348333333333332,0.21533333333333332,0.15133333333333332,0.11733333333333333,0.21150466131839127
446,6,6,21,30,36,66,0.45454545454545453,0.11733333333333333,0.11516666666666665,0.11733333333333333,0.10666666666666667,0.114,0.14043982127005705
447,6,6,21,30,36,66,0.45454545454545453,-0.05533333333333333,-0.06277777777777775,-0.05533333333333333,-0.042666666666666665,-0.027333333333333334,-0.07566471501489254
448,6,6,21,30,36,66,0.45454545454545453,-0.6193333333333333,-0.6535555555555553,-0.6193333333333333,-0.5153333333333333,-0.454,-0.6584713220933094
449,6,6,21,30,36,66,0.45454545454545453,-0.35,-0.37911111111111107,-0.35,-0.314,-0.25133333333333335,-0.3923311646966036
450,6,6,21,30,36,66,0.45454545454545453,0.22066666666666668,0.23805555555555555,0.22066666666666668,0.172,0.14,0.20495044202556964
451,6,6,21,30,36,66,0.45454545454545453,0.158,0.17927777777777762,0.158,0.11933333333333333,0.076,0.20222989748243866
452,6,6,21,30,36,66,0.45454545454545453,-0.5066666666666667,-0.5359999999999998,-0.5066666666666667,-0.4013333333333333,-0.352,-0.5493538208688943
453,6,6,21,30,36,66,0.45454545454545453,0.258,0.26977777777777767,0.258,0.19333333333333333,0.178,0.33177356506233563
454,6,6,21,30,36,66,0.45454545454545453,-0.23533333333333334,-0.2386666666666666,-0.23533333333333334,-0.19533333333333333,-0.19533333333333333,-0.2614972807844903
455,6,6,21,30,36,66,0.45454545454545453,-0.037333333333333336,-0.04288888888888889,-0.037333333333333336,-0.034,-0.021333333333333333,-0.0460448146404716
456,6,7,24,35,42,77,0.45454545454545453,-0.134,-0.14733333333333326,-0.134,-0.134,-0.102,-0.161598620947759
457,6,7,24,35,42,77,0.45454545454545453,-0.07866666666666666,-0.08683333333333332,-0.07866666666666666,-0.064,-0.04733333333333333,-0.08732378865418769
458,6,7,24,35,42,77,0.45454545454545453,-0.22333333333333333,-0.2435555555555555,-0.22333333333333333,-0.16066666666666668,-0.12466666666666666,-0.20623495925111118
459,6,7,24,35,42,77,0.45454545454545453,-0.11133333333333334,-0.11988888888888888,-0.11133333333333334,-0.06533333333333333,-0.054,-0.09036679713350487
460,6,7,24,35,42,77,0.45454545454545453,-0.12333333333333334,-0.1263888888888889,-0.12333333333333334,-0.1,-0.09733333333333333,-0.1703460411651747
461,6,7,24,35,42,77,0.45454545454545453,-0.050666666666666665,-0.06383333333333333,-0.050666666666666665,-0.03933333333333333,-0.01,-0.07005143173347736
462,6,7,24,35,42,77,0.45454545454545453,-0.044,-0.044722222222222226,-0.044,-0.032,-0.03266666666666666,-0.07386170867037285
463,6,7,24,35,42,77,0.45454545454545453,-0.24266666666666667,-0.26377777777777767,-0.24266666666666667,-0.19266666666666668,-0.152,-0.25824584763265157
464,6,7,24,35,42,77,0.45454545454545453,-0.026,-0.03938888888888888,-0.026,-0.025333333333333333,0.006666666666666667,-0.01718197262404334
465,6,7,24,35,42,77,0.45454545454545453,0.126,0.14844444444444443,0.126,0.10333333333333333,0.054,0.13007700747131398
466,6,7,24,35,42,77,0.45454545454545453,0.03133333333333333,0.033833333333333326,0.03133333333333333,0.024666666666666667,0.02,0.05989716304711868
467,6,7,24,35,42,77,0.45454545454545453,-0.37733333333333335,-0.4071666666666666,-0.37733333333333335,-0.286,-0.23266666666666666,-0.40227351492570607
468,6,8,27,40,48,88,0.45454545454545453,-0.31066666666666665,-0.3682222222222221,-0.31066666666666665,-0.19666666666666666,-0.08133333333333333,-0.46407466780084244
469,6,8,27,40,48,88,0.45454545454545453,0.12133333333333333,0.1362222222222222,0.12133333333333333,0.056,0.03333333333333333,0.15136355228975104
470,6,8,27,40,48,88,0.45454545454545453,0.020666666666666667,0.019666666666666662,0.020666666666666667,0.019333333333333334,0.022,0.011285189030830246
471,6,8,27,40,48,88,0.45454545454545453,-0.06333333333333334,-0.07172222222222223,-0.06333333333333334,-0.016,-0.005333333333333333,-0.08439049900576057
472,6,8,27,40,48,88,0.45454545454545453,-0.22266666666666668,-0.2409444444444444,-0.22266666666666668,-0.16,-0.12866666666666668,-0.28342534570038297
473,6,8,27,40,48,88,0.45454545454545453,-0.0013333333333333333,-0.018444444444444433,-0.0013333333333333333,-0.012666666666666666,0.030666666666666665,0.004117717453880031
474,6,8,27,40,48,88,0.45454545454545453,-0.032,-0.03688888888888888,-0.032,-0.016666666666666666,-0.008,-0.029415401186548142
475,6,8,27,40,48,88,0.45454545454545453,0.24133333333333334,0.2533888888888887,0.24133333333333334,0.10333333333333333,0.102,0.33038988014647297
476,6,8,27,40,48,88,0.45454545454545453,0.438,0.47044444444444444,0.438,0.32866666666666666,0.27266666666666667,0.4896947820080793
477,6,8,27,40,48,88,0.45454545454545453,-0.008666666666666666,-0.015944444444444435,-0.008666666666666666,-0.021333333333333333,-0.0013333333333333333,0.000862325436649207
478,6,8,27,40,48,88,0.45454545454545453,0.034666666666666665,0.04533333333333333,0.034666666666666665,0.02,-0.0026666666666666666,0.06192109719804621
479,6,8,27,40,48,88,0.45454545454545453,0.023333333333333334,0.027722222222222235,0.023333333333333334,-0.016,-0.018666666666666668,0.0689315535231714
